title,price,rating,colors,size,gender,timestamp
T-shirt 2,1634400,3.9,3,M,Women,2025-05-13T22:08:52.949724
Hoodie 3,7950080,4.8,3,L,Unisex,2025-05-13T22:08:52.949989
Pants 4,7476960,3.3,3,XL,Men,2025-05-13T22:08:52.950147
Outerwear 5,5145440,3.5,3,XXL,Women,2025-05-13T22:08:52.950303
Jacket 6,2453920,3.3,3,S,Unisex,2025-05-13T22:08:52.950433
Crewneck 7,6892000,4.3,3,M,Men,2025-05-13T22:08:52.950559
T-shirt 8,7802560,3.1,3,L,Women,2025-05-13T22:08:52.950681
Hoodie 9,3972160,3.2,3,XL,Unisex,2025-05-13T22:08:52.950808
Pants 10,3100160,4.2,3,XXL,Men,2025-05-13T22:08:52.950941
Jacket 12,8527840,3.9,3,M,Unisex,2025-05-13T22:08:52.951333
Crewneck 13,5447200,3.2,3,L,Men,2025-05-13T22:08:52.951580
T-shirt 14,3248800,3.8,3,XL,Women,2025-05-13T22:08:52.951743
Hoodie 15,2184160,3.6,3,XXL,Unisex,2025-05-13T22:08:52.951881
Outerwear 17,841600,3.8,3,M,Women,2025-05-13T22:08:52.952405
Jacket 18,5500000,3.8,3,L,Unisex,2025-05-13T22:08:52.952646
Crewneck 19,1308960,3.6,3,XL,Men,2025-05-13T22:08:52.952820
T-shirt 20,1325600,3.4,3,XXL,Women,2025-05-13T22:08:52.952956
Pants 22,4319680,4.9,3,M,Men,2025-05-13T22:08:55.457419
Outerwear 23,4655840,3.7,3,L,Women,2025-05-13T22:08:55.457664
Jacket 24,8223520,3.9,3,XL,Unisex,2025-05-13T22:08:55.457808
Crewneck 25,8322559,3.3,3,XXL,Men,2025-05-13T22:08:55.457959
T-shirt 26,7292320,4.6,3,S,Women,2025-05-13T22:08:55.458080
Hoodie 27,3551840,4.8,3,M,Unisex,2025-05-13T22:08:55.458196
Pants 28,5216160,4.0,3,L,Men,2025-05-13T22:08:55.458309
Outerwear 29,861600,3.1,3,XL,Women,2025-05-13T22:08:55.458422
Jacket 30,8610240,3.7,3,XXL,Unisex,2025-05-13T22:08:55.458567
T-shirt 32,6657920,3.4,3,M,Women,2025-05-13T22:08:55.459035
Hoodie 33,7248160,3.5,3,L,Unisex,2025-05-13T22:08:55.459254
Pants 34,8362719,3.8,3,XL,Men,2025-05-13T22:08:55.459415
Outerwear 35,1356160,3.8,3,XXL,Women,2025-05-13T22:08:55.459592
Jacket 36,7249280,3.7,3,S,Unisex,2025-05-13T22:08:55.459756
Crewneck 37,6006080,4.0,3,M,Men,2025-05-13T22:08:55.460015
T-shirt 38,4866080,3.2,3,L,Women,2025-05-13T22:08:55.460161
Hoodie 39,6431200,4.6,3,XL,Unisex,2025-05-13T22:08:55.460294
Pants 40,5853600,3.1,3,XXL,Men,2025-05-13T22:08:55.460423
Jacket 42,6744160,3.7,3,M,Unisex,2025-05-13T22:08:58.124724
Crewneck 43,2909600,4.5,3,L,Men,2025-05-13T22:08:58.124915
T-shirt 44,3312320,3.0,3,XL,Women,2025-05-13T22:08:58.125045
Hoodie 45,8693120,4.5,3,XXL,Unisex,2025-05-13T22:08:58.125387
Outerwear 47,6364640,3.2,3,M,Women,2025-05-13T22:08:58.126089
Jacket 48,4994720,3.4,3,L,Unisex,2025-05-13T22:08:58.126352
Crewneck 49,1071200,4.0,3,XL,Men,2025-05-13T22:08:58.126622
T-shirt 50,5932960,3.1,3,XXL,Women,2025-05-13T22:08:58.126794
Pants 52,1596480,4.0,3,M,Men,2025-05-13T22:08:58.127311
Outerwear 53,4470880,4.3,3,L,Women,2025-05-13T22:08:58.127528
Jacket 54,854560,4.2,3,XL,Unisex,2025-05-13T22:08:58.127676
Crewneck 55,1793760,3.6,3,XXL,Men,2025-05-13T22:08:58.127809
T-shirt 56,4643040,3.8,3,S,Women,2025-05-13T22:08:58.127939
Hoodie 57,3155360,4.9,3,M,Unisex,2025-05-13T22:08:58.128085
Pants 58,1637760,4.4,3,L,Men,2025-05-13T22:08:58.128220
Outerwear 59,2254240,4.6,3,XL,Women,2025-05-13T22:08:58.128353
Jacket 60,3375520,4.2,3,XXL,Unisex,2025-05-13T22:08:58.128484
T-shirt 62,1376480,3.8,3,M,Women,2025-05-13T22:09:00.853841
Hoodie 63,6479200,3.6,3,L,Unisex,2025-05-13T22:09:00.854155
Pants 64,7728480,4.0,3,XL,Men,2025-05-13T22:09:00.854353
Outerwear 65,2385920,4.1,3,XXL,Women,2025-05-13T22:09:00.854534
Jacket 66,4353120,3.5,3,S,Unisex,2025-05-13T22:09:00.854719
Crewneck 67,8470720,3.5,3,M,Men,2025-05-13T22:09:00.854904
T-shirt 68,8025280,4.0,3,L,Women,2025-05-13T22:09:00.855099
Hoodie 69,1027839,3.6,3,XL,Unisex,2025-05-13T22:09:00.855277
Pants 70,1171360,4.4,3,XXL,Men,2025-05-13T22:09:00.855449
Jacket 72,3776000,4.4,3,M,Unisex,2025-05-13T22:09:00.856009
Crewneck 73,2460320,3.0,3,L,Men,2025-05-13T22:09:00.856291
T-shirt 74,7704800,3.8,3,XL,Women,2025-05-13T22:09:00.856499
Hoodie 75,2101760,4.3,3,XXL,Unisex,2025-05-13T22:09:00.856691
Outerwear 77,861760,3.7,3,M,Women,2025-05-13T22:09:00.857564
Jacket 78,2716480,4.3,3,L,Unisex,2025-05-13T22:09:00.857912
Crewneck 79,3309600,4.6,3,XL,Men,2025-05-13T22:09:00.858155
T-shirt 80,4178399,4.5,3,XXL,Women,2025-05-13T22:09:00.858381
Pants 82,8315520,4.8,3,M,Men,2025-05-13T22:09:03.352488
Outerwear 83,3947840,3.7,3,L,Women,2025-05-13T22:09:03.352715
Jacket 84,2826080,4.8,3,XL,Unisex,2025-05-13T22:09:03.352871
Crewneck 85,4564160,3.5,3,XXL,Men,2025-05-13T22:09:03.353039
T-shirt 86,1670880,3.9,3,S,Women,2025-05-13T22:09:03.353197
Hoodie 87,7870240,4.3,3,M,Unisex,2025-05-13T22:09:03.353365
Pants 88,7590400,3.1,3,L,Men,2025-05-13T22:09:03.353528
Outerwear 89,4856320,3.0,3,XL,Women,2025-05-13T22:09:03.353784
Jacket 90,7160000,4.0,3,XXL,Unisex,2025-05-13T22:09:03.353983
T-shirt 92,5012320,3.5,3,M,Women,2025-05-13T22:09:03.354654
Hoodie 93,1365280,3.6,3,L,Unisex,2025-05-13T22:09:03.354902
Pants 94,1074880,4.3,3,XL,Men,2025-05-13T22:09:03.355079
Outerwear 95,6062240,3.5,3,XXL,Women,2025-05-13T22:09:03.355216
Jacket 96,4598240,4.9,3,S,Unisex,2025-05-13T22:09:03.355397
Crewneck 97,6113120,3.9,3,M,Men,2025-05-13T22:09:03.355673
T-shirt 98,8596960,3.1,3,L,Women,2025-05-13T22:09:03.355937
Hoodie 99,5028000,3.6,3,XL,Unisex,2025-05-13T22:09:03.356207
Pants 100,2217280,4.6,3,XXL,Men,2025-05-13T22:09:03.356394
Jacket 102,3840640,3.3,3,M,Unisex,2025-05-13T22:09:05.956171
Crewneck 103,2331680,3.5,3,L,Men,2025-05-13T22:09:05.956332
T-shirt 104,2374400,3.8,3,XL,Women,2025-05-13T22:09:05.956478
Hoodie 105,5019840,4.2,3,XXL,Unisex,2025-05-13T22:09:05.956651
Outerwear 107,6625120,4.0,3,M,Women,2025-05-13T22:09:05.957040
Jacket 108,5551680,4.8,3,L,Unisex,2025-05-13T22:09:05.957308
Crewneck 109,5886880,3.3,3,XL,Men,2025-05-13T22:09:05.957491
T-shirt 110,7197120,4.6,3,XXL,Women,2025-05-13T22:09:05.957612
Pants 112,4261920,3.3,3,M,Men,2025-05-13T22:09:05.958090
Outerwear 113,4472000,3.7,3,L,Women,2025-05-13T22:09:05.958410
Jacket 114,5386560,4.9,3,XL,Unisex,2025-05-13T22:09:05.958611
Crewneck 115,1933280,4.5,3,XXL,Men,2025-05-13T22:09:05.958732
T-shirt 116,3474560,3.0,3,S,Women,2025-05-13T22:09:05.958855
Hoodie 117,3376320,5.0,3,M,Unisex,2025-05-13T22:09:05.958971
Pants 118,5585440,3.2,3,L,Men,2025-05-13T22:09:05.959087
Outerwear 119,3561760,3.4,3,XL,Women,2025-05-13T22:09:05.959205
Jacket 120,7480320,4.0,3,XXL,Unisex,2025-05-13T22:09:05.959325
T-shirt 122,1961920,3.6,3,M,Women,2025-05-13T22:09:08.548289
Hoodie 123,4498080,3.8,3,L,Unisex,2025-05-13T22:09:08.548569
Pants 124,7023520,3.2,3,XL,Men,2025-05-13T22:09:08.548779
Outerwear 125,6998240,4.2,3,XXL,Women,2025-05-13T22:09:08.548963
Jacket 126,4426080,3.9,3,S,Unisex,2025-05-13T22:09:08.549162
Crewneck 127,8311680,4.0,3,M,Men,2025-05-13T22:09:08.549336
T-shirt 128,4466720,3.8,3,L,Women,2025-05-13T22:09:08.549520
Hoodie 129,2532480,4.5,3,XL,Unisex,2025-05-13T22:09:08.549694
Pants 130,6603520,4.8,3,XXL,Men,2025-05-13T22:09:08.549863
Jacket 132,6474880,4.2,3,M,Unisex,2025-05-13T22:09:08.550525
Crewneck 133,2016320,4.7,3,L,Men,2025-05-13T22:09:08.550789
T-shirt 134,5937440,3.2,3,XL,Women,2025-05-13T22:09:08.550986
Hoodie 135,5141440,4.7,3,XXL,Unisex,2025-05-13T22:09:08.551217
Outerwear 137,6988320,4.5,3,M,Women,2025-05-13T22:09:08.551741
Jacket 138,4635520,3.4,3,L,Unisex,2025-05-13T22:09:08.551915
Crewneck 139,8053120,4.5,3,XL,Men,2025-05-13T22:09:08.552052
T-shirt 140,6811040,3.5,3,XXL,Women,2025-05-13T22:09:08.552194
Pants 142,2325280,4.9,3,M,Men,2025-05-13T22:09:11.254742
Outerwear 143,3346560,4.9,3,L,Women,2025-05-13T22:09:11.255031
Jacket 144,5758240,4.3,3,XL,Unisex,2025-05-13T22:09:11.255209
Crewneck 145,3472800,4.8,3,XXL,Men,2025-05-13T22:09:11.255385
T-shirt 146,7688640,4.3,3,S,Women,2025-05-13T22:09:11.255648
Hoodie 147,3052800,5.0,3,M,Unisex,2025-05-13T22:09:11.255841
Pants 148,6033440,4.7,3,L,Men,2025-05-13T22:09:11.256013
Outerwear 149,3105920,3.2,3,XL,Women,2025-05-13T22:09:11.256208
Jacket 150,1500640,3.6,3,XXL,Unisex,2025-05-13T22:09:11.256379
T-shirt 152,6288640,4.2,3,M,Women,2025-05-13T22:09:11.258018
Hoodie 153,2660640,4.3,3,L,Unisex,2025-05-13T22:09:11.258181
Pants 154,2337440,3.0,3,XL,Men,2025-05-13T22:09:11.258305
Outerwear 155,3783200,4.1,3,XXL,Women,2025-05-13T22:09:11.258427
Jacket 156,6645120,3.6,3,S,Unisex,2025-05-13T22:09:11.258546
Crewneck 157,1105760,4.0,3,M,Men,2025-05-13T22:09:11.258665
T-shirt 158,7321120,4.0,3,L,Women,2025-05-13T22:09:11.258843
Hoodie 159,2371680,4.9,3,XL,Unisex,2025-05-13T22:09:11.259000
Pants 160,2802880,3.4,3,XXL,Men,2025-05-13T22:09:11.259116
Jacket 162,1543840,4.5,3,M,Unisex,2025-05-13T22:09:13.852373
Crewneck 163,7861920,4.4,3,L,Men,2025-05-13T22:09:13.852605
T-shirt 164,3512000,3.9,3,XL,Women,2025-05-13T22:09:13.852968
Hoodie 165,6921280,4.9,3,XXL,Unisex,2025-05-13T22:09:13.853172
Outerwear 167,3273760,3.1,3,M,Women,2025-05-13T22:09:13.853852
Jacket 168,870400,4.4,3,L,Unisex,2025-05-13T22:09:13.854199
Crewneck 169,8032800,4.7,3,XL,Men,2025-05-13T22:09:13.854349
T-shirt 170,6677920,4.5,3,XXL,Women,2025-05-13T22:09:13.854514
Pants 172,1566080,4.9,3,M,Men,2025-05-13T22:09:13.855222
Outerwear 173,7034560,4.6,3,L,Women,2025-05-13T22:09:13.855435
Jacket 174,6282240,3.3,3,XL,Unisex,2025-05-13T22:09:13.855591
Crewneck 175,8125120,4.5,3,XXL,Men,2025-05-13T22:09:13.855822
T-shirt 176,6104320,3.6,3,S,Women,2025-05-13T22:09:13.855962
Hoodie 177,1890400,4.6,3,M,Unisex,2025-05-13T22:09:13.856097
Pants 178,6184160,3.0,3,L,Men,2025-05-13T22:09:13.856232
Outerwear 179,5816640,3.5,3,XL,Women,2025-05-13T22:09:13.856364
Jacket 180,5552640,3.9,3,XXL,Unisex,2025-05-13T22:09:13.856492
T-shirt 182,2334880,3.8,3,M,Women,2025-05-13T22:09:16.446918
Hoodie 183,3904640,3.6,3,L,Unisex,2025-05-13T22:09:16.447147
Pants 184,7759520,4.5,3,XL,Men,2025-05-13T22:09:16.447403
Outerwear 185,7822880,3.2,3,XXL,Women,2025-05-13T22:09:16.447621
Jacket 186,6940480,4.2,3,S,Unisex,2025-05-13T22:09:16.447807
Crewneck 187,6663520,3.8,3,M,Men,2025-05-13T22:09:16.447972
T-shirt 188,3927840,4.4,3,L,Women,2025-05-13T22:09:16.448108
Hoodie 189,1946720,4.0,3,XL,Unisex,2025-05-13T22:09:16.448265
Pants 190,2220960,4.5,3,XXL,Men,2025-05-13T22:09:16.448400
Jacket 192,5066240,3.8,3,M,Unisex,2025-05-13T22:09:16.448874
Crewneck 193,7355680,4.1,3,L,Men,2025-05-13T22:09:16.449048
T-shirt 194,2818720,4.9,3,XL,Women,2025-05-13T22:09:16.449267
Hoodie 195,7208960,4.9,3,XXL,Unisex,2025-05-13T22:09:16.449419
Outerwear 197,5681600,4.9,3,M,Women,2025-05-13T22:09:16.449780
Jacket 198,5435040,4.5,3,L,Unisex,2025-05-13T22:09:16.449959
Crewneck 199,6744320,3.1,3,XL,Men,2025-05-13T22:09:16.450109
T-shirt 200,6289920,3.5,3,XXL,Women,2025-05-13T22:09:16.450239
Pants 202,5592480,3.3,3,M,Men,2025-05-13T22:09:18.943863
Outerwear 203,2144000,3.4,3,L,Women,2025-05-13T22:09:18.944055
Jacket 204,6031040,3.9,3,XL,Unisex,2025-05-13T22:09:18.944215
Crewneck 205,6434880,3.2,3,XXL,Men,2025-05-13T22:09:18.944384
T-shirt 206,4674720,4.5,3,S,Women,2025-05-13T22:09:18.944573
Hoodie 207,6101440,3.5,3,M,Unisex,2025-05-13T22:09:18.944743
Pants 208,4637600,3.1,3,L,Men,2025-05-13T22:09:18.944917
Outerwear 209,7980640,4.3,3,XL,Women,2025-05-13T22:09:18.945091
Jacket 210,7827360,4.7,3,XXL,Unisex,2025-05-13T22:09:18.945293
T-shirt 212,8794880,4.7,3,M,Women,2025-05-13T22:09:18.945869
Hoodie 213,5748000,3.6,3,L,Unisex,2025-05-13T22:09:18.946083
Pants 214,4315680,4.9,3,XL,Men,2025-05-13T22:09:18.946252
Outerwear 215,1449600,3.8,3,XXL,Women,2025-05-13T22:09:18.946390
Jacket 216,4576480,4.6,3,S,Unisex,2025-05-13T22:09:18.946678
Crewneck 217,5772960,4.8,3,M,Men,2025-05-13T22:09:18.946864
T-shirt 218,5600320,3.1,3,L,Women,2025-05-13T22:09:18.947004
Hoodie 219,5671040,4.6,3,XL,Unisex,2025-05-13T22:09:18.947170
Pants 220,3357600,3.2,3,XXL,Men,2025-05-13T22:09:18.947307
Jacket 222,7438080,3.4,3,M,Unisex,2025-05-13T22:09:21.445023
Crewneck 223,952960,4.8,3,L,Men,2025-05-13T22:09:21.445173
T-shirt 224,3534560,4.5,3,XL,Women,2025-05-13T22:09:21.445322
Hoodie 225,5232800,3.5,3,XXL,Unisex,2025-05-13T22:09:21.445474
Outerwear 227,6742560,4.8,3,M,Women,2025-05-13T22:09:21.445907
Jacket 228,8076800,4.5,3,L,Unisex,2025-05-13T22:09:21.446072
Crewneck 229,3101920,4.9,3,XL,Men,2025-05-13T22:09:21.446196
T-shirt 230,7133280,4.5,3,XXL,Women,2025-05-13T22:09:21.446317
Pants 232,8327360,4.0,3,M,Men,2025-05-13T22:09:21.446814
Outerwear 233,847360,4.8,3,L,Women,2025-05-13T22:09:21.446987
Jacket 234,1159200,4.5,3,XL,Unisex,2025-05-13T22:09:21.447143
Crewneck 235,6560320,3.4,3,XXL,Men,2025-05-13T22:09:21.447287
T-shirt 236,5492320,3.9,3,S,Women,2025-05-13T22:09:21.447419
Hoodie 237,4743520,3.1,3,M,Unisex,2025-05-13T22:09:21.447553
Pants 238,8301920,3.8,3,L,Men,2025-05-13T22:09:21.447678
Outerwear 239,7934080,3.1,3,XL,Women,2025-05-13T22:09:21.447808
Jacket 240,7600000,3.8,3,XXL,Unisex,2025-05-13T22:09:21.447935
T-shirt 242,4833600,3.4,3,M,Women,2025-05-13T22:09:24.243725
Hoodie 243,3371680,3.1,3,L,Unisex,2025-05-13T22:09:24.243919
Pants 244,8116160,3.1,3,XL,Men,2025-05-13T22:09:24.244100
Outerwear 245,1451680,4.0,3,XXL,Women,2025-05-13T22:09:24.244233
Jacket 246,8735040,3.1,3,S,Unisex,2025-05-13T22:09:24.244454
Crewneck 247,8769120,3.0,3,M,Men,2025-05-13T22:09:24.244586
T-shirt 248,2280000,4.5,3,L,Women,2025-05-13T22:09:24.244712
Hoodie 249,2149440,4.2,3,XL,Unisex,2025-05-13T22:09:24.244829
Pants 250,4314240,3.1,3,XXL,Men,2025-05-13T22:09:24.244943
Jacket 252,8408480,3.2,3,M,Unisex,2025-05-13T22:09:24.245397
Crewneck 253,1854720,3.9,3,L,Men,2025-05-13T22:09:24.245610
T-shirt 254,5984160,3.9,3,XL,Women,2025-05-13T22:09:24.245807
Hoodie 255,3668000,4.1,3,XXL,Unisex,2025-05-13T22:09:24.245955
Outerwear 257,7073120,5.0,3,M,Women,2025-05-13T22:09:24.246367
Jacket 258,2080639,4.7,3,L,Unisex,2025-05-13T22:09:24.246578
Crewneck 259,2275520,3.3,3,XL,Men,2025-05-13T22:09:24.246720
T-shirt 260,6271520,3.5,3,XXL,Women,2025-05-13T22:09:24.246841
Pants 262,1097760,3.4,3,M,Men,2025-05-13T22:09:27.549121
Outerwear 263,1878400,4.2,3,L,Women,2025-05-13T22:09:27.549358
Jacket 264,2063040,4.8,3,XL,Unisex,2025-05-13T22:09:27.549481
Crewneck 265,2483040,3.5,3,XXL,Men,2025-05-13T22:09:27.549617
T-shirt 266,4842080,4.6,3,S,Women,2025-05-13T22:09:27.549734
Hoodie 267,4086240,4.3,3,M,Unisex,2025-05-13T22:09:27.549851
Pants 268,5005120,3.6,3,L,Men,2025-05-13T22:09:27.549968
Outerwear 269,8073920,3.1,3,XL,Women,2025-05-13T22:09:27.550089
Jacket 270,2569120,4.2,3,XXL,Unisex,2025-05-13T22:09:27.550200
T-shirt 272,5811840,3.3,3,M,Women,2025-05-13T22:09:27.550541
Hoodie 273,5291360,4.9,3,L,Unisex,2025-05-13T22:09:27.550866
Pants 274,3669280,4.2,3,XL,Men,2025-05-13T22:09:27.551110
Outerwear 275,5575360,4.8,3,XXL,Women,2025-05-13T22:09:27.551288
Jacket 276,1013600,4.3,3,S,Unisex,2025-05-13T22:09:27.551491
Crewneck 277,2383680,4.7,3,M,Men,2025-05-13T22:09:27.551685
T-shirt 278,2087360,3.8,3,L,Women,2025-05-13T22:09:27.551888
Hoodie 279,5592320,4.7,3,XL,Unisex,2025-05-13T22:09:27.552267
Pants 280,7501440,3.9,3,XXL,Men,2025-05-13T22:09:27.552427
Jacket 282,2227040,3.0,3,M,Unisex,2025-05-13T22:09:30.345091
Crewneck 283,6633120,3.2,3,L,Men,2025-05-13T22:09:30.345238
T-shirt 284,6568000,3.6,3,XL,Women,2025-05-13T22:09:30.345352
Hoodie 285,3009120,3.2,3,XXL,Unisex,2025-05-13T22:09:30.345464
Outerwear 287,5273600,3.7,3,M,Women,2025-05-13T22:09:30.345836
Jacket 288,3123040,4.1,3,L,Unisex,2025-05-13T22:09:30.346047
Crewneck 289,888000,4.0,3,XL,Men,2025-05-13T22:09:30.346172
T-shirt 290,6425120,4.2,3,XXL,Women,2025-05-13T22:09:30.346289
Pants 292,2384480,3.9,3,M,Men,2025-05-13T22:09:30.346725
Outerwear 293,1176160,4.5,3,L,Women,2025-05-13T22:09:30.346898
Jacket 294,5947200,3.8,3,XL,Unisex,2025-05-13T22:09:30.347016
Crewneck 295,7266720,4.9,3,XXL,Men,2025-05-13T22:09:30.347155
T-shirt 296,1172160,3.1,3,S,Women,2025-05-13T22:09:30.347267
Hoodie 297,7801120,3.6,3,M,Unisex,2025-05-13T22:09:30.347380
Pants 298,2426080,4.8,3,L,Men,2025-05-13T22:09:30.347526
Outerwear 299,1947840,4.3,3,XL,Women,2025-05-13T22:09:30.347640
Jacket 300,6408480,4.0,3,XXL,Unisex,2025-05-13T22:09:30.347754
T-shirt 302,5711200,3.2,3,M,Women,2025-05-13T22:09:32.838379
Hoodie 303,7974560,4.1,3,L,Unisex,2025-05-13T22:09:32.838578
Pants 304,7129760,3.4,3,XL,Men,2025-05-13T22:09:32.838766
Outerwear 305,6325440,4.5,3,XXL,Women,2025-05-13T22:09:32.838925
Jacket 306,7575040,4.2,3,S,Unisex,2025-05-13T22:09:32.839044
Crewneck 307,7735200,3.7,3,M,Men,2025-05-13T22:09:32.839162
T-shirt 308,4086080,4.1,3,L,Women,2025-05-13T22:09:32.839278
Hoodie 309,3953120,4.8,3,XL,Unisex,2025-05-13T22:09:32.839393
Pants 310,6329280,4.7,3,XXL,Men,2025-05-13T22:09:32.839509
Jacket 312,7267040,3.8,3,M,Unisex,2025-05-13T22:09:32.839935
Crewneck 313,1948320,3.1,3,L,Men,2025-05-13T22:09:32.840101
T-shirt 314,6017120,3.2,3,XL,Women,2025-05-13T22:09:32.840271
Hoodie 315,7022880,3.1,3,XXL,Unisex,2025-05-13T22:09:32.840422
Outerwear 317,5259040,3.3,3,M,Women,2025-05-13T22:09:32.840942
Jacket 318,5667200,3.7,3,L,Unisex,2025-05-13T22:09:32.841151
Crewneck 319,3085920,3.3,3,XL,Men,2025-05-13T22:09:32.841329
T-shirt 320,829440,3.3,3,XXL,Women,2025-05-13T22:09:32.841496
Pants 322,7810400,3.2,3,M,Men,2025-05-13T22:09:35.740303
Outerwear 323,8468000,3.1,3,L,Women,2025-05-13T22:09:35.740498
Jacket 324,6082720,3.3,3,XL,Unisex,2025-05-13T22:09:35.740672
Crewneck 325,3001760,3.4,3,XXL,Men,2025-05-13T22:09:35.740829
T-shirt 326,4519360,4.9,3,S,Women,2025-05-13T22:09:35.740955
Hoodie 327,6641440,4.4,3,M,Unisex,2025-05-13T22:09:35.741080
Pants 328,5732960,4.5,3,L,Men,2025-05-13T22:09:35.741208
Outerwear 329,6724160,4.7,3,XL,Women,2025-05-13T22:09:35.741333
Jacket 330,1591200,4.3,3,XXL,Unisex,2025-05-13T22:09:35.741455
T-shirt 332,2335680,3.4,3,M,Women,2025-05-13T22:09:35.741923
Hoodie 333,1746080,4.8,3,L,Unisex,2025-05-13T22:09:35.742103
Pants 334,2409440,3.8,3,XL,Men,2025-05-13T22:09:35.742233
Outerwear 335,2826720,3.0,3,XXL,Women,2025-05-13T22:09:35.742403
Jacket 336,6237760,5.0,3,S,Unisex,2025-05-13T22:09:35.742535
Crewneck 337,8608800,4.3,3,M,Men,2025-05-13T22:09:35.742661
T-shirt 338,2883360,3.9,3,L,Women,2025-05-13T22:09:35.742786
Hoodie 339,4424800,4.9,3,XL,Unisex,2025-05-13T22:09:35.742911
Pants 340,5975200,4.3,3,XXL,Men,2025-05-13T22:09:35.743037
Jacket 342,1827680,4.8,3,M,Unisex,2025-05-13T22:09:38.616986
Crewneck 343,2279040,4.1,3,L,Men,2025-05-13T22:09:38.617139
T-shirt 344,3415680,4.5,3,XL,Women,2025-05-13T22:09:38.617260
Hoodie 345,7577440,3.3,3,XXL,Unisex,2025-05-13T22:09:38.617477
Outerwear 347,6986080,4.7,3,M,Women,2025-05-13T22:09:38.617919
Jacket 348,3195040,4.6,3,L,Unisex,2025-05-13T22:09:38.618115
Crewneck 349,6085600,3.5,3,XL,Men,2025-05-13T22:09:38.618361
T-shirt 350,8047680,5.0,3,XXL,Women,2025-05-13T22:09:38.618546
Pants 352,2838880,4.0,3,M,Men,2025-05-13T22:09:38.619048
Outerwear 353,961600,3.6,3,L,Women,2025-05-13T22:09:38.619237
Jacket 354,2294720,3.8,3,XL,Unisex,2025-05-13T22:09:38.619432
Crewneck 355,4246560,3.2,3,XXL,Men,2025-05-13T22:09:38.619619
T-shirt 356,7150080,4.3,3,S,Women,2025-05-13T22:09:38.619819
Hoodie 357,3739360,3.6,3,M,Unisex,2025-05-13T22:09:38.619971
Pants 358,8479520,3.9,3,L,Men,2025-05-13T22:09:38.620200
Outerwear 359,1696480,4.3,3,XL,Women,2025-05-13T22:09:38.620367
Jacket 360,8788320,4.8,3,XXL,Unisex,2025-05-13T22:09:38.620494
T-shirt 362,4776800,5.0,3,M,Women,2025-05-13T22:09:41.138474
Hoodie 363,1171360,3.2,3,L,Unisex,2025-05-13T22:09:41.138731
Pants 364,4972800,4.8,3,XL,Men,2025-05-13T22:09:41.138859
Outerwear 365,6956480,4.5,3,XXL,Women,2025-05-13T22:09:41.138993
Jacket 366,5854880,4.9,3,S,Unisex,2025-05-13T22:09:41.139206
Crewneck 367,8359360,4.9,3,M,Men,2025-05-13T22:09:41.139369
T-shirt 368,965120,3.2,3,L,Women,2025-05-13T22:09:41.139489
Hoodie 369,7204960,4.7,3,XL,Unisex,2025-05-13T22:09:41.139606
Pants 370,4559680,3.6,3,XXL,Men,2025-05-13T22:09:41.139724
Jacket 372,5052960,3.6,3,M,Unisex,2025-05-13T22:09:41.140175
Crewneck 373,2231040,3.6,3,L,Men,2025-05-13T22:09:41.140382
T-shirt 374,7697120,3.9,3,XL,Women,2025-05-13T22:09:41.140536
Hoodie 375,7027520,3.9,3,XXL,Unisex,2025-05-13T22:09:41.140713
Outerwear 377,6802080,4.8,3,M,Women,2025-05-13T22:09:41.141356
Jacket 378,3402400,3.6,3,L,Unisex,2025-05-13T22:09:41.141610
Crewneck 379,3963200,4.4,3,XL,Men,2025-05-13T22:09:41.141794
T-shirt 380,2547040,3.8,3,XXL,Women,2025-05-13T22:09:41.141918
Pants 382,1356160,4.4,3,M,Men,2025-05-13T22:09:43.636231
Outerwear 383,3431040,3.4,3,L,Women,2025-05-13T22:09:43.636376
Jacket 384,1452960,3.3,3,XL,Unisex,2025-05-13T22:09:43.636557
Crewneck 385,7950720,4.9,3,XXL,Men,2025-05-13T22:09:43.636678
T-shirt 386,4793600,4.6,3,S,Women,2025-05-13T22:09:43.636838
Hoodie 387,8418080,4.2,3,M,Unisex,2025-05-13T22:09:43.636964
Pants 388,931200,3.1,3,L,Men,2025-05-13T22:09:43.637077
Outerwear 389,2883200,5.0,3,XL,Women,2025-05-13T22:09:43.637201
Jacket 390,5432960,3.3,3,XXL,Unisex,2025-05-13T22:09:43.637311
T-shirt 392,1226080,4.4,3,M,Women,2025-05-13T22:09:43.637683
Hoodie 393,4068480,3.2,3,L,Unisex,2025-05-13T22:09:43.637855
Pants 394,3540000,3.3,3,XL,Men,2025-05-13T22:09:43.638050
Outerwear 395,3098720,4.0,3,XXL,Women,2025-05-13T22:09:43.638176
Jacket 396,2505280,3.9,3,S,Unisex,2025-05-13T22:09:43.638297
Crewneck 397,855360,3.6,3,M,Men,2025-05-13T22:09:43.638417
T-shirt 398,4592800,4.7,3,L,Women,2025-05-13T22:09:43.638539
Hoodie 399,2523520,3.6,3,XL,Unisex,2025-05-13T22:09:43.638653
Pants 400,6020640,4.7,3,XXL,Men,2025-05-13T22:09:43.638799
Jacket 402,2029120,4.6,3,M,Unisex,2025-05-13T22:09:46.338208
Crewneck 403,1580320,4.1,3,L,Men,2025-05-13T22:09:46.338464
T-shirt 404,3501120,4.9,3,XL,Women,2025-05-13T22:09:46.338635
Hoodie 405,5080160,3.8,3,XXL,Unisex,2025-05-13T22:09:46.338755
Outerwear 407,2761280,3.7,3,M,Women,2025-05-13T22:09:46.339197
Jacket 408,4176000,4.9,3,L,Unisex,2025-05-13T22:09:46.339401
Crewneck 409,3221760,3.5,3,XL,Men,2025-05-13T22:09:46.339554
T-shirt 410,1586720,3.1,3,XXL,Women,2025-05-13T22:09:46.339675
Pants 412,5438240,4.4,3,M,Men,2025-05-13T22:09:46.340045
Outerwear 413,1306400,3.4,3,L,Women,2025-05-13T22:09:46.340222
Jacket 414,2234720,3.7,3,XL,Unisex,2025-05-13T22:09:46.340347
Crewneck 415,3617440,3.1,3,XXL,Men,2025-05-13T22:09:46.340464
T-shirt 416,4454080,3.1,3,S,Women,2025-05-13T22:09:46.340581
Hoodie 417,2769440,4.6,3,M,Unisex,2025-05-13T22:09:46.340696
Pants 418,6307840,5.0,3,L,Men,2025-05-13T22:09:46.340879
Outerwear 419,7004000,5.0,3,XL,Women,2025-05-13T22:09:46.341046
Jacket 420,2472640,3.1,3,XXL,Unisex,2025-05-13T22:09:46.341207
T-shirt 422,924320,3.9,3,M,Women,2025-05-13T22:09:48.957235
Hoodie 423,4601760,3.7,3,L,Unisex,2025-05-13T22:09:48.957429
Pants 424,3865760,4.4,3,XL,Men,2025-05-13T22:09:48.957572
Outerwear 425,2528480,4.8,3,XXL,Women,2025-05-13T22:09:48.957685
Jacket 426,3462400,3.4,3,S,Unisex,2025-05-13T22:09:48.957845
Crewneck 427,6375200,3.3,3,M,Men,2025-05-13T22:09:48.957968
T-shirt 428,7053120,4.9,3,L,Women,2025-05-13T22:09:48.958079
Hoodie 429,1658560,4.9,3,XL,Unisex,2025-05-13T22:09:48.958218
Pants 430,1442080,3.9,3,XXL,Men,2025-05-13T22:09:48.958353
Jacket 432,2151840,4.5,3,M,Unisex,2025-05-13T22:09:48.958684
Crewneck 433,3872480,4.2,3,L,Men,2025-05-13T22:09:48.958980
T-shirt 434,6557120,4.9,3,XL,Women,2025-05-13T22:09:48.959124
Hoodie 435,1015680,4.0,3,XXL,Unisex,2025-05-13T22:09:48.959242
Outerwear 437,1016800,3.9,3,M,Women,2025-05-13T22:09:48.959683
Jacket 438,2453120,4.5,3,L,Unisex,2025-05-13T22:09:48.959877
Crewneck 439,4005440,3.2,3,XL,Men,2025-05-13T22:09:48.959995
T-shirt 440,5326080,3.0,3,XXL,Women,2025-05-13T22:09:48.960199
Pants 442,4701600,4.3,3,M,Men,2025-05-13T22:09:51.616459
Outerwear 443,7262720,4.2,3,L,Women,2025-05-13T22:09:51.616605
Jacket 444,4016960,3.3,3,XL,Unisex,2025-05-13T22:09:51.616839
Crewneck 445,3574240,4.5,3,XXL,Men,2025-05-13T22:09:51.617019
T-shirt 446,7740160,3.2,3,S,Women,2025-05-13T22:09:51.617178
Hoodie 447,4748640,4.0,3,M,Unisex,2025-05-13T22:09:51.617302
Pants 448,820160,4.4,3,L,Men,2025-05-13T22:09:51.617421
Outerwear 449,6410080,4.0,3,XL,Women,2025-05-13T22:09:51.617539
Jacket 450,8754880,3.1,3,XXL,Unisex,2025-05-13T22:09:51.617656
T-shirt 452,6892800,4.4,3,M,Women,2025-05-13T22:09:51.618154
Hoodie 453,6576960,4.2,3,L,Unisex,2025-05-13T22:09:51.618348
Pants 454,2179520,5.0,3,XL,Men,2025-05-13T22:09:51.618528
Outerwear 455,1094080,4.8,3,XXL,Women,2025-05-13T22:09:51.618783
Jacket 456,8096000,4.1,3,S,Unisex,2025-05-13T22:09:51.619016
Crewneck 457,7342880,4.8,3,M,Men,2025-05-13T22:09:51.619195
T-shirt 458,4240000,4.4,3,L,Women,2025-05-13T22:09:51.619379
Hoodie 459,3237280,3.5,3,XL,Unisex,2025-05-13T22:09:51.619545
Pants 460,1880800,3.6,3,XXL,Men,2025-05-13T22:09:51.619679
Jacket 462,6767840,4.5,3,M,Unisex,2025-05-13T22:09:54.150426
Crewneck 463,7539520,4.5,3,L,Men,2025-05-13T22:09:54.150567
T-shirt 464,6070080,4.5,3,XL,Women,2025-05-13T22:09:54.150758
Hoodie 465,6164320,4.7,3,XXL,Unisex,2025-05-13T22:09:54.150883
Outerwear 467,1325920,3.5,3,M,Women,2025-05-13T22:09:54.151244
Jacket 468,4584960,3.7,3,L,Unisex,2025-05-13T22:09:54.151617
Crewneck 469,1738880,4.2,3,XL,Men,2025-05-13T22:09:54.151879
T-shirt 470,7738880,3.1,3,XXL,Women,2025-05-13T22:09:54.152060
Pants 472,3902080,3.1,3,M,Men,2025-05-13T22:09:54.152516
Outerwear 473,5478080,4.2,3,L,Women,2025-05-13T22:09:54.152874
Jacket 474,5864960,4.7,3,XL,Unisex,2025-05-13T22:09:54.153010
Crewneck 475,7017280,4.6,3,XXL,Men,2025-05-13T22:09:54.153154
T-shirt 476,3986240,4.3,3,S,Women,2025-05-13T22:09:54.153329
Hoodie 477,6626080,4.2,3,M,Unisex,2025-05-13T22:09:54.153461
Pants 478,4912000,3.8,3,L,Men,2025-05-13T22:09:54.153583
Outerwear 479,7302400,4.4,3,XL,Women,2025-05-13T22:09:54.153698
Jacket 480,4986240,4.2,3,XXL,Unisex,2025-05-13T22:09:54.153815
T-shirt 482,3352480,4.8,3,M,Women,2025-05-13T22:09:56.818505
Hoodie 483,4035040,4.2,3,L,Unisex,2025-05-13T22:09:56.818741
Pants 484,6428640,4.1,3,XL,Men,2025-05-13T22:09:56.818908
Outerwear 485,4044480,4.7,3,XXL,Women,2025-05-13T22:09:56.819104
Jacket 486,2573760,3.0,3,S,Unisex,2025-05-13T22:09:56.819289
Crewneck 487,6955520,3.7,3,M,Men,2025-05-13T22:09:56.819451
T-shirt 488,8789760,3.8,3,L,Women,2025-05-13T22:09:56.819622
Hoodie 489,3554560,5.0,3,XL,Unisex,2025-05-13T22:09:56.819785
Pants 490,7081600,3.1,3,XXL,Men,2025-05-13T22:09:56.819949
Jacket 492,6011840,3.0,3,M,Unisex,2025-05-13T22:09:56.820412
Crewneck 493,5071520,4.8,3,L,Men,2025-05-13T22:09:56.820593
T-shirt 494,1390080,3.4,3,XL,Women,2025-05-13T22:09:56.820751
Hoodie 495,1663200,4.5,3,XXL,Unisex,2025-05-13T22:09:56.820936
Outerwear 497,3957760,4.4,3,M,Women,2025-05-13T22:09:56.821878
Jacket 498,4412800,4.6,3,L,Unisex,2025-05-13T22:09:56.822103
Crewneck 499,7825920,4.1,3,XL,Men,2025-05-13T22:09:56.822238
T-shirt 500,8114400,4.2,3,XXL,Women,2025-05-13T22:09:56.822361
Pants 502,7132480,4.4,3,M,Men,2025-05-13T22:10:00.329354
Outerwear 503,4924480,4.8,3,L,Women,2025-05-13T22:10:00.329503
Jacket 504,8024480,5.0,3,XL,Unisex,2025-05-13T22:10:00.329614
Crewneck 505,8747680,4.3,3,XXL,Men,2025-05-13T22:10:00.329723
T-shirt 506,8572000,3.6,3,S,Women,2025-05-13T22:10:00.329834
Hoodie 507,6844000,4.7,3,M,Unisex,2025-05-13T22:10:00.330050
Pants 508,7766080,3.5,3,L,Men,2025-05-13T22:10:00.330222
Outerwear 509,7178400,3.1,3,XL,Women,2025-05-13T22:10:00.330344
Jacket 510,1562080,3.4,3,XXL,Unisex,2025-05-13T22:10:00.330462
T-shirt 512,4319680,3.7,3,M,Women,2025-05-13T22:10:00.330813
Hoodie 513,1693760,4.4,3,L,Unisex,2025-05-13T22:10:00.331030
Pants 514,6888960,3.9,3,XL,Men,2025-05-13T22:10:00.331177
Outerwear 515,7262560,3.1,3,XXL,Women,2025-05-13T22:10:00.331299
Jacket 516,7130720,3.4,3,S,Unisex,2025-05-13T22:10:00.331415
Crewneck 517,1069280,3.5,3,M,Men,2025-05-13T22:10:00.331530
T-shirt 518,2575680,4.1,3,L,Women,2025-05-13T22:10:00.331674
Hoodie 519,2236160,4.5,3,XL,Unisex,2025-05-13T22:10:00.331790
Pants 520,2308320,3.8,3,XXL,Men,2025-05-13T22:10:00.331920
Jacket 522,6292960,4.0,3,M,Unisex,2025-05-13T22:10:02.928177
Crewneck 523,3626720,4.6,3,L,Men,2025-05-13T22:10:02.928326
T-shirt 524,936000,3.8,3,XL,Women,2025-05-13T22:10:02.928489
Hoodie 525,7919040,3.6,3,XXL,Unisex,2025-05-13T22:10:02.928604
Outerwear 527,4669280,3.6,3,M,Women,2025-05-13T22:10:02.928928
Jacket 528,5595840,4.0,3,L,Unisex,2025-05-13T22:10:02.929071
Crewneck 529,1420160,3.2,3,XL,Men,2025-05-13T22:10:02.929206
T-shirt 530,6173760,3.3,3,XXL,Women,2025-05-13T22:10:02.929324
Pants 532,8391200,4.1,3,M,Men,2025-05-13T22:10:02.929643
Outerwear 533,3370240,4.2,3,L,Women,2025-05-13T22:10:02.929810
Jacket 534,3479200,3.7,3,XL,Unisex,2025-05-13T22:10:02.930093
Crewneck 535,3901280,3.7,3,XXL,Men,2025-05-13T22:10:02.930336
T-shirt 536,5092480,3.0,3,S,Women,2025-05-13T22:10:02.930467
Hoodie 537,8671840,3.1,3,M,Unisex,2025-05-13T22:10:02.930586
Pants 538,6134240,3.4,3,L,Men,2025-05-13T22:10:02.930813
Outerwear 539,4692640,4.7,3,XL,Women,2025-05-13T22:10:02.930946
Jacket 540,7051840,4.4,3,XXL,Unisex,2025-05-13T22:10:02.931064
T-shirt 542,4761440,3.5,3,M,Women,2025-05-13T22:10:05.631576
Hoodie 543,8715680,4.7,3,L,Unisex,2025-05-13T22:10:05.631793
Pants 544,5957760,3.1,3,XL,Men,2025-05-13T22:10:05.631953
Outerwear 545,3579360,4.0,3,XXL,Women,2025-05-13T22:10:05.632112
Jacket 546,6271520,3.3,3,S,Unisex,2025-05-13T22:10:05.632271
Crewneck 547,5361120,3.9,3,M,Men,2025-05-13T22:10:05.632434
T-shirt 548,2686240,4.6,3,L,Women,2025-05-13T22:10:05.632590
Hoodie 549,2687200,3.7,3,XL,Unisex,2025-05-13T22:10:05.632749
Pants 550,4450080,4.9,3,XXL,Men,2025-05-13T22:10:05.632909
Jacket 552,5380320,4.1,3,M,Unisex,2025-05-13T22:10:05.633316
Crewneck 553,7760800,3.8,3,L,Men,2025-05-13T22:10:05.633529
T-shirt 554,4001120,4.5,3,XL,Women,2025-05-13T22:10:05.633739
Hoodie 555,1809600,3.0,3,XXL,Unisex,2025-05-13T22:10:05.633898
Outerwear 557,5460480,3.4,3,M,Women,2025-05-13T22:10:05.634579
Jacket 558,5007040,4.0,3,L,Unisex,2025-05-13T22:10:05.634767
Crewneck 559,1590880,3.5,3,XL,Men,2025-05-13T22:10:05.634950
T-shirt 560,6885280,4.2,3,XXL,Women,2025-05-13T22:10:05.635122
Pants 562,3724160,4.5,3,M,Men,2025-05-13T22:10:08.128637
Outerwear 563,8197440,4.7,3,L,Women,2025-05-13T22:10:08.128846
Jacket 564,8319200,4.3,3,XL,Unisex,2025-05-13T22:10:08.129053
Crewneck 565,7635200,3.5,3,XXL,Men,2025-05-13T22:10:08.129263
T-shirt 566,2611360,4.6,3,S,Women,2025-05-13T22:10:08.129409
Hoodie 567,4576160,3.2,3,M,Unisex,2025-05-13T22:10:08.129536
Pants 568,2984160,3.3,3,L,Men,2025-05-13T22:10:08.129732
Outerwear 569,4966880,4.7,3,XL,Women,2025-05-13T22:10:08.129885
Jacket 570,4000960,3.9,3,XXL,Unisex,2025-05-13T22:10:08.130029
T-shirt 572,4756320,3.2,3,M,Women,2025-05-13T22:10:08.130558
Hoodie 573,6954080,4.5,3,L,Unisex,2025-05-13T22:10:08.130769
Pants 574,2424000,3.8,3,XL,Men,2025-05-13T22:10:08.130949
Outerwear 575,3517760,3.4,3,XXL,Women,2025-05-13T22:10:08.131105
Jacket 576,805600,3.5,3,S,Unisex,2025-05-13T22:10:08.131235
Crewneck 577,7873920,3.3,3,M,Men,2025-05-13T22:10:08.131392
T-shirt 578,7958880,4.1,3,L,Women,2025-05-13T22:10:08.131521
Hoodie 579,4428640,4.4,3,XL,Unisex,2025-05-13T22:10:08.131885
Pants 580,2625440,3.3,3,XXL,Men,2025-05-13T22:10:08.132032
Jacket 582,4112160,4.1,3,M,Unisex,2025-05-13T22:10:10.728961
Crewneck 583,5737760,4.5,3,L,Men,2025-05-13T22:10:10.729104
T-shirt 584,6964960,4.8,3,XL,Women,2025-05-13T22:10:10.729215
Hoodie 585,6186880,4.9,3,XXL,Unisex,2025-05-13T22:10:10.729382
Outerwear 587,4424960,4.4,3,M,Women,2025-05-13T22:10:10.730000
Jacket 588,4963040,4.7,3,L,Unisex,2025-05-13T22:10:10.730189
Crewneck 589,931840,4.7,3,XL,Men,2025-05-13T22:10:10.730309
T-shirt 590,6457120,3.9,3,XXL,Women,2025-05-13T22:10:10.730422
Pants 592,6805440,4.3,3,M,Men,2025-05-13T22:10:10.730878
Outerwear 593,7163840,3.9,3,L,Women,2025-05-13T22:10:10.731159
Jacket 594,8707680,4.2,3,XL,Unisex,2025-05-13T22:10:10.731381
Crewneck 595,3723840,3.5,3,XXL,Men,2025-05-13T22:10:10.731507
T-shirt 596,8290400,4.4,3,S,Women,2025-05-13T22:10:10.731622
Hoodie 597,7969440,3.3,3,M,Unisex,2025-05-13T22:10:10.731740
Pants 598,4714080,4.1,3,L,Men,2025-05-13T22:10:10.731855
Outerwear 599,1179040,3.3,3,XL,Women,2025-05-13T22:10:10.731968
Jacket 600,6414080,3.0,3,XXL,Unisex,2025-05-13T22:10:10.732083
T-shirt 602,2260960,4.4,3,M,Women,2025-05-13T22:10:13.528619
Hoodie 603,7511520,3.1,3,L,Unisex,2025-05-13T22:10:13.528817
Pants 604,7662240,4.3,3,XL,Men,2025-05-13T22:10:13.528969
Outerwear 605,1710720,3.7,3,XXL,Women,2025-05-13T22:10:13.529084
Jacket 606,5770720,4.6,3,S,Unisex,2025-05-13T22:10:13.529244
Crewneck 607,3857600,3.1,3,M,Men,2025-05-13T22:10:13.529367
T-shirt 608,7047840,4.6,3,L,Women,2025-05-13T22:10:13.529478
Hoodie 609,2956320,4.1,3,XL,Unisex,2025-05-13T22:10:13.529591
Pants 610,4515360,3.3,3,XXL,Men,2025-05-13T22:10:13.529703
Jacket 612,3202720,3.1,3,M,Unisex,2025-05-13T22:10:13.530127
Crewneck 613,1013920,3.6,3,L,Men,2025-05-13T22:10:13.530429
T-shirt 614,2428160,3.1,3,XL,Women,2025-05-13T22:10:13.530608
Hoodie 615,4798720,4.8,3,XXL,Unisex,2025-05-13T22:10:13.530844
Outerwear 617,1765920,4.3,3,M,Women,2025-05-13T22:10:13.531526
Jacket 618,6474080,3.3,3,L,Unisex,2025-05-13T22:10:13.531844
Crewneck 619,8340639,4.4,3,XL,Men,2025-05-13T22:10:13.531970
T-shirt 620,2270240,3.3,3,XXL,Women,2025-05-13T22:10:13.532087
Pants 622,4849600,3.5,3,M,Men,2025-05-13T22:10:16.230395
Outerwear 623,7299520,4.6,3,L,Women,2025-05-13T22:10:16.230680
Jacket 624,6943200,3.9,3,XL,Unisex,2025-05-13T22:10:16.230806
Crewneck 625,7826400,4.1,3,XXL,Men,2025-05-13T22:10:16.230965
T-shirt 626,7777440,4.5,3,S,Women,2025-05-13T22:10:16.231096
Hoodie 627,1232320,3.2,3,M,Unisex,2025-05-13T22:10:16.231213
Pants 628,8113120,4.3,3,L,Men,2025-05-13T22:10:16.231327
Outerwear 629,3997920,4.4,3,XL,Women,2025-05-13T22:10:16.231445
Jacket 630,1003680,3.8,3,XXL,Unisex,2025-05-13T22:10:16.231563
T-shirt 632,4314240,3.6,3,M,Women,2025-05-13T22:10:16.232066
Hoodie 633,3128000,3.1,3,L,Unisex,2025-05-13T22:10:16.232354
Pants 634,8535680,3.9,3,XL,Men,2025-05-13T22:10:16.232521
Outerwear 635,6897120,4.1,3,XXL,Women,2025-05-13T22:10:16.232775
Jacket 636,3476320,4.5,3,S,Unisex,2025-05-13T22:10:16.232937
Crewneck 637,6030240,4.0,3,M,Men,2025-05-13T22:10:16.233062
T-shirt 638,5220960,4.6,3,L,Women,2025-05-13T22:10:16.233178
Hoodie 639,6782720,4.7,3,XL,Unisex,2025-05-13T22:10:16.233295
Pants 640,3038560,3.8,3,XXL,Men,2025-05-13T22:10:16.233409
Jacket 642,7747360,4.7,3,M,Unisex,2025-05-13T22:10:18.921836
Crewneck 643,6116000,3.2,3,L,Men,2025-05-13T22:10:18.922068
T-shirt 644,7479360,4.2,3,XL,Women,2025-05-13T22:10:18.922298
Hoodie 645,3285440,3.3,3,XXL,Unisex,2025-05-13T22:10:18.922437
Outerwear 647,4304960,3.8,3,M,Women,2025-05-13T22:10:18.922857
Jacket 648,8699520,4.5,3,L,Unisex,2025-05-13T22:10:18.923032
Crewneck 649,8588160,3.2,3,XL,Men,2025-05-13T22:10:18.923161
T-shirt 650,8012800,3.4,3,XXL,Women,2025-05-13T22:10:18.923288
Pants 652,6084960,3.3,3,M,Men,2025-05-13T22:10:18.923723
Outerwear 653,2622080,4.0,3,L,Women,2025-05-13T22:10:18.923918
Jacket 654,4089440,4.7,3,XL,Unisex,2025-05-13T22:10:18.924164
Crewneck 655,1834240,4.1,3,XXL,Men,2025-05-13T22:10:18.924326
T-shirt 656,2538720,4.2,3,S,Women,2025-05-13T22:10:18.924456
Hoodie 657,8459040,4.8,3,M,Unisex,2025-05-13T22:10:18.924586
Pants 658,6268320,3.8,3,L,Men,2025-05-13T22:10:18.924715
Outerwear 659,1817920,3.3,3,XL,Women,2025-05-13T22:10:18.924843
Jacket 660,8715200,3.5,3,XXL,Unisex,2025-05-13T22:10:18.924973
T-shirt 662,1422720,4.5,3,M,Women,2025-05-13T22:10:21.521779
Hoodie 663,7087200,4.0,3,L,Unisex,2025-05-13T22:10:21.521919
Pants 664,8248639,3.5,3,XL,Men,2025-05-13T22:10:21.522030
Outerwear 665,4033600,3.2,3,XXL,Women,2025-05-13T22:10:21.522140
Jacket 666,4844000,3.9,3,S,Unisex,2025-05-13T22:10:21.522273
Crewneck 667,1756640,3.7,3,M,Men,2025-05-13T22:10:21.522457
T-shirt 668,5044640,3.7,3,L,Women,2025-05-13T22:10:21.522573
Hoodie 669,2346080,3.3,3,XL,Unisex,2025-05-13T22:10:21.522685
Pants 670,8406720,4.8,3,XXL,Men,2025-05-13T22:10:21.522842
Jacket 672,4776160,4.5,3,M,Unisex,2025-05-13T22:10:21.523313
Crewneck 673,2803360,4.7,3,L,Men,2025-05-13T22:10:21.523505
T-shirt 674,3156640,3.1,3,XL,Women,2025-05-13T22:10:21.523681
Hoodie 675,4314880,3.2,3,XXL,Unisex,2025-05-13T22:10:21.523858
Outerwear 677,4657440,3.3,3,M,Women,2025-05-13T22:10:21.524408
Jacket 678,2777120,4.3,3,L,Unisex,2025-05-13T22:10:21.524614
Crewneck 679,6373120,3.2,3,XL,Men,2025-05-13T22:10:21.524823
T-shirt 680,8164800,3.2,3,XXL,Women,2025-05-13T22:10:21.525000
Pants 682,7616480,3.9,3,M,Men,2025-05-13T22:10:24.025087
Outerwear 683,3907360,3.6,3,L,Women,2025-05-13T22:10:24.025301
Jacket 684,7102560,3.5,3,XL,Unisex,2025-05-13T22:10:24.025466
Crewneck 685,1495840,4.6,3,XXL,Men,2025-05-13T22:10:24.025622
T-shirt 686,5381760,3.8,3,S,Women,2025-05-13T22:10:24.025844
Hoodie 687,4220800,4.7,3,M,Unisex,2025-05-13T22:10:24.026008
Pants 688,1487520,4.4,3,L,Men,2025-05-13T22:10:24.026164
Outerwear 689,1939040,4.6,3,XL,Women,2025-05-13T22:10:24.026327
Jacket 690,8782560,4.7,3,XXL,Unisex,2025-05-13T22:10:24.026493
T-shirt 692,1416480,4.1,3,M,Women,2025-05-13T22:10:24.026897
Hoodie 693,3031680,4.1,3,L,Unisex,2025-05-13T22:10:24.027060
Pants 694,2466720,3.4,3,XL,Men,2025-05-13T22:10:24.027248
Outerwear 695,959360,3.3,3,XXL,Women,2025-05-13T22:10:24.027408
Jacket 696,5146240,4.2,3,S,Unisex,2025-05-13T22:10:24.027814
Crewneck 697,6545120,5.0,3,M,Men,2025-05-13T22:10:24.028311
T-shirt 698,2444960,4.1,3,L,Women,2025-05-13T22:10:24.028494
Hoodie 699,5250240,4.5,3,XL,Unisex,2025-05-13T22:10:24.028657
Pants 700,3526560,4.3,3,XXL,Men,2025-05-13T22:10:24.028814
Jacket 702,4927680,4.3,3,M,Unisex,2025-05-13T22:10:26.722761
Crewneck 703,2949120,4.2,3,L,Men,2025-05-13T22:10:26.722981
T-shirt 704,6214240,4.1,3,XL,Women,2025-05-13T22:10:26.723167
Hoodie 705,3042880,3.1,3,XXL,Unisex,2025-05-13T22:10:26.723309
Outerwear 707,7746240,4.4,3,M,Women,2025-05-13T22:10:26.723704
Jacket 708,8541280,4.3,3,L,Unisex,2025-05-13T22:10:26.723982
Crewneck 709,7022400,3.9,3,XL,Men,2025-05-13T22:10:26.724137
T-shirt 710,3751520,3.2,3,XXL,Women,2025-05-13T22:10:26.724280
Pants 712,1510400,4.1,3,M,Men,2025-05-13T22:10:26.724735
Outerwear 713,3142880,4.4,3,L,Women,2025-05-13T22:10:26.724942
Jacket 714,892320,3.1,3,XL,Unisex,2025-05-13T22:10:26.725073
Crewneck 715,7021760,3.9,3,XXL,Men,2025-05-13T22:10:26.725222
T-shirt 716,3602560,4.9,3,S,Women,2025-05-13T22:10:26.725424
Hoodie 717,1532800,3.6,3,M,Unisex,2025-05-13T22:10:26.725599
Pants 718,4057120,3.2,3,L,Men,2025-05-13T22:10:26.725794
Outerwear 719,3172960,4.7,3,XL,Women,2025-05-13T22:10:26.726019
Jacket 720,2028320,3.8,3,XXL,Unisex,2025-05-13T22:10:26.726167
T-shirt 722,8724320,3.2,3,M,Women,2025-05-13T22:10:29.325273
Hoodie 723,5664800,3.4,3,L,Unisex,2025-05-13T22:10:29.325523
Pants 724,4824800,4.7,3,XL,Men,2025-05-13T22:10:29.325647
Outerwear 725,4979200,3.0,3,XXL,Women,2025-05-13T22:10:29.325791
Jacket 726,6345920,3.5,3,S,Unisex,2025-05-13T22:10:29.325928
Crewneck 727,4024000,4.8,3,M,Men,2025-05-13T22:10:29.326042
T-shirt 728,8173440,3.0,3,L,Women,2025-05-13T22:10:29.326155
Hoodie 729,6431360,3.6,3,XL,Unisex,2025-05-13T22:10:29.326267
Pants 730,7228800,4.5,3,XXL,Men,2025-05-13T22:10:29.326393
Jacket 732,6597600,3.9,3,M,Unisex,2025-05-13T22:10:29.326716
Crewneck 733,1162880,4.7,3,L,Men,2025-05-13T22:10:29.326984
T-shirt 734,6858560,4.2,3,XL,Women,2025-05-13T22:10:29.327239
Hoodie 735,4664320,4.0,3,XXL,Unisex,2025-05-13T22:10:29.327417
Outerwear 737,1015680,4.7,3,M,Women,2025-05-13T22:10:29.327879
Jacket 738,1893920,3.7,3,L,Unisex,2025-05-13T22:10:29.328339
Crewneck 739,8072960,3.3,3,XL,Men,2025-05-13T22:10:29.328504
T-shirt 740,7016640,3.4,3,XXL,Women,2025-05-13T22:10:29.328624
Pants 742,5626080,3.6,3,M,Men,2025-05-13T22:10:32.603945
Outerwear 743,5678080,3.0,3,L,Women,2025-05-13T22:10:32.604134
Jacket 744,5175680,4.1,3,XL,Unisex,2025-05-13T22:10:32.604264
Crewneck 745,2882560,3.8,3,XXL,Men,2025-05-13T22:10:32.604481
T-shirt 746,1517440,5.0,3,S,Women,2025-05-13T22:10:32.604655
Hoodie 747,6326880,4.7,3,M,Unisex,2025-05-13T22:10:32.604843
Pants 748,3134080,3.7,3,L,Men,2025-05-13T22:10:32.605010
Outerwear 749,2627360,3.2,3,XL,Women,2025-05-13T22:10:32.605143
Jacket 750,1030400,3.7,3,XXL,Unisex,2025-05-13T22:10:32.605271
T-shirt 752,7431520,3.8,3,M,Women,2025-05-13T22:10:32.605645
Hoodie 753,8137600,4.8,3,L,Unisex,2025-05-13T22:10:32.605894
Pants 754,7229760,3.1,3,XL,Men,2025-05-13T22:10:32.606056
Outerwear 755,6910400,4.6,3,XXL,Women,2025-05-13T22:10:32.606192
Jacket 756,7128000,3.1,3,S,Unisex,2025-05-13T22:10:32.606328
Crewneck 757,7582720,4.4,3,M,Men,2025-05-13T22:10:32.606469
T-shirt 758,6025920,3.1,3,L,Women,2025-05-13T22:10:32.606612
Hoodie 759,2779840,4.7,3,XL,Unisex,2025-05-13T22:10:32.606846
Pants 760,2191040,4.1,3,XXL,Men,2025-05-13T22:10:32.607089
Jacket 762,4091840,4.9,3,M,Unisex,2025-05-13T22:10:35.301960
Crewneck 763,5792640,3.9,3,L,Men,2025-05-13T22:10:35.302119
T-shirt 764,7211680,3.4,3,XL,Women,2025-05-13T22:10:35.302304
Hoodie 765,1343360,4.9,3,XXL,Unisex,2025-05-13T22:10:35.302445
Outerwear 767,4152800,4.5,3,M,Women,2025-05-13T22:10:35.302784
Jacket 768,5662080,4.9,3,L,Unisex,2025-05-13T22:10:35.302922
Crewneck 769,6294560,3.3,3,XL,Men,2025-05-13T22:10:35.303096
T-shirt 770,1655040,3.5,3,XXL,Women,2025-05-13T22:10:35.303225
Pants 772,8748160,3.4,3,M,Men,2025-05-13T22:10:35.303563
Outerwear 773,3393600,3.2,3,L,Women,2025-05-13T22:10:35.303705
Jacket 774,1485760,4.1,3,XL,Unisex,2025-05-13T22:10:35.303918
Crewneck 775,8189440,3.1,3,XXL,Men,2025-05-13T22:10:35.304059
T-shirt 776,5333120,3.7,3,S,Women,2025-05-13T22:10:35.304296
Hoodie 777,6104800,3.4,3,M,Unisex,2025-05-13T22:10:35.304464
Pants 778,6034720,4.2,3,L,Men,2025-05-13T22:10:35.304645
Outerwear 779,5816480,3.2,3,XL,Women,2025-05-13T22:10:35.304780
Jacket 780,2767520,3.4,3,XXL,Unisex,2025-05-13T22:10:35.304909
T-shirt 782,4117439,4.5,3,M,Women,2025-05-13T22:10:37.801905
Hoodie 783,2510720,3.0,3,L,Unisex,2025-05-13T22:10:37.802159
Pants 784,5341280,3.0,3,XL,Men,2025-05-13T22:10:37.802294
Outerwear 785,6444480,4.3,3,XXL,Women,2025-05-13T22:10:37.802428
Jacket 786,6749280,5.0,3,S,Unisex,2025-05-13T22:10:37.802573
Crewneck 787,4593600,4.7,3,M,Men,2025-05-13T22:10:37.802689
T-shirt 788,3041120,4.7,3,L,Women,2025-05-13T22:10:37.802807
Hoodie 789,2153280,4.0,3,XL,Unisex,2025-05-13T22:10:37.802918
Pants 790,1708320,3.2,3,XXL,Men,2025-05-13T22:10:37.803060
Jacket 792,4068960,3.8,3,M,Unisex,2025-05-13T22:10:37.803606
Crewneck 793,8650080,4.0,3,L,Men,2025-05-13T22:10:37.803818
T-shirt 794,5983040,4.0,3,XL,Women,2025-05-13T22:10:37.804030
Hoodie 795,4209600,3.9,3,XXL,Unisex,2025-05-13T22:10:37.804307
Outerwear 797,2771360,4.9,3,M,Women,2025-05-13T22:10:37.804996
Jacket 798,4391040,3.4,3,L,Unisex,2025-05-13T22:10:37.805293
Crewneck 799,4048800,4.2,3,XL,Men,2025-05-13T22:10:37.805499
T-shirt 800,7433280,4.6,3,XXL,Women,2025-05-13T22:10:37.805674
Pants 802,5710240,4.4,3,M,Men,2025-05-13T22:10:40.513710
Outerwear 803,1875360,4.3,3,L,Women,2025-05-13T22:10:40.514075
Jacket 804,4459040,3.9,3,XL,Unisex,2025-05-13T22:10:40.514316
Crewneck 805,3266720,4.8,3,XXL,Men,2025-05-13T22:10:40.514662
T-shirt 806,7310560,3.0,3,S,Women,2025-05-13T22:10:40.514848
Hoodie 807,5016000,4.7,3,M,Unisex,2025-05-13T22:10:40.515015
Pants 808,8717760,3.2,3,L,Men,2025-05-13T22:10:40.515180
Outerwear 809,7162560,3.7,3,XL,Women,2025-05-13T22:10:40.515348
Jacket 810,3796640,4.8,3,XXL,Unisex,2025-05-13T22:10:40.515516
T-shirt 812,6406080,4.2,3,M,Women,2025-05-13T22:10:40.516414
Hoodie 813,4872800,5.0,3,L,Unisex,2025-05-13T22:10:40.516706
Pants 814,1110080,4.7,3,XL,Men,2025-05-13T22:10:40.516892
Outerwear 815,5985440,4.8,3,XXL,Women,2025-05-13T22:10:40.517070
Jacket 816,1649120,4.5,3,S,Unisex,2025-05-13T22:10:40.517239
Crewneck 817,8744160,4.4,3,M,Men,2025-05-13T22:10:40.517424
T-shirt 818,5160320,3.8,3,L,Women,2025-05-13T22:10:40.517591
Hoodie 819,4742400,4.7,3,XL,Unisex,2025-05-13T22:10:40.517724
Pants 820,6030720,3.4,3,XXL,Men,2025-05-13T22:10:40.517887
Jacket 822,838240,4.2,3,M,Unisex,2025-05-13T22:10:43.001767
Crewneck 823,6103520,4.7,3,L,Men,2025-05-13T22:10:43.001993
T-shirt 824,3301440,4.1,3,XL,Women,2025-05-13T22:10:43.002169
Hoodie 825,1058400,3.8,3,XXL,Unisex,2025-05-13T22:10:43.002291
Outerwear 827,7091040,4.8,3,M,Women,2025-05-13T22:10:43.002683
Jacket 828,2324000,4.6,3,L,Unisex,2025-05-13T22:10:43.002856
Crewneck 829,4630400,4.4,3,XL,Men,2025-05-13T22:10:43.002972
T-shirt 830,4496480,3.0,3,XXL,Women,2025-05-13T22:10:43.003085
Pants 832,3955360,4.6,3,M,Men,2025-05-13T22:10:43.003503
Outerwear 833,7101280,3.0,3,L,Women,2025-05-13T22:10:43.003690
Jacket 834,7223680,3.1,3,XL,Unisex,2025-05-13T22:10:43.003986
Crewneck 835,7143360,3.9,3,XXL,Men,2025-05-13T22:10:43.004312
T-shirt 836,6065440,4.1,3,S,Women,2025-05-13T22:10:43.004524
Hoodie 837,5532640,5.0,3,M,Unisex,2025-05-13T22:10:43.004731
Pants 838,2848800,3.1,3,L,Men,2025-05-13T22:10:43.004899
Outerwear 839,4208320,3.9,3,XL,Women,2025-05-13T22:10:43.005062
Jacket 840,8164640,3.6,3,XXL,Unisex,2025-05-13T22:10:43.005223
T-shirt 842,2859040,3.3,3,M,Women,2025-05-13T22:10:45.597708
Hoodie 843,2997120,3.6,3,L,Unisex,2025-05-13T22:10:45.597924
Pants 844,7422880,3.9,3,XL,Men,2025-05-13T22:10:45.598130
Outerwear 845,2023200,3.2,3,XXL,Women,2025-05-13T22:10:45.598313
Jacket 846,7480480,3.6,3,S,Unisex,2025-05-13T22:10:45.598510
Crewneck 847,4789920,3.7,3,M,Men,2025-05-13T22:10:45.598694
T-shirt 848,6134240,4.1,3,L,Women,2025-05-13T22:10:45.598820
Hoodie 849,7816160,3.5,3,XL,Unisex,2025-05-13T22:10:45.598947
Pants 850,4144160,4.2,3,XXL,Men,2025-05-13T22:10:45.599173
Jacket 852,2777280,4.1,3,M,Unisex,2025-05-13T22:10:45.599560
Crewneck 853,2643840,3.4,3,L,Men,2025-05-13T22:10:45.599843
T-shirt 854,1600000,4.5,3,XL,Women,2025-05-13T22:10:45.599987
Hoodie 855,3249760,5.0,3,XXL,Unisex,2025-05-13T22:10:45.600111
Outerwear 857,4532800,3.0,3,M,Women,2025-05-13T22:10:45.600628
Jacket 858,3748640,3.7,3,L,Unisex,2025-05-13T22:10:45.600765
Crewneck 859,6418560,3.0,3,XL,Men,2025-05-13T22:10:45.600894
T-shirt 860,2419360,4.7,3,XXL,Women,2025-05-13T22:10:45.601034
Pants 862,4131359,3.3,3,M,Men,2025-05-13T22:10:48.201904
Outerwear 863,1071360,4.0,3,L,Women,2025-05-13T22:10:48.202186
Jacket 864,2168000,4.5,3,XL,Unisex,2025-05-13T22:10:48.202306
Crewneck 865,6805120,3.9,3,XXL,Men,2025-05-13T22:10:48.202456
T-shirt 866,2399040,3.2,3,S,Women,2025-05-13T22:10:48.202595
Hoodie 867,1303840,3.3,3,M,Unisex,2025-05-13T22:10:48.202710
Pants 868,7473760,4.6,3,L,Men,2025-05-13T22:10:48.203772
Outerwear 869,6040320,4.5,3,XL,Women,2025-05-13T22:10:48.203922
Jacket 870,6395040,3.5,3,XXL,Unisex,2025-05-13T22:10:48.204119
T-shirt 872,1343680,4.3,3,M,Women,2025-05-13T22:10:48.204704
Hoodie 873,8321600,4.8,3,L,Unisex,2025-05-13T22:10:48.204917
Pants 874,2755200,4.4,3,XL,Men,2025-05-13T22:10:48.205050
Outerwear 875,2506720,4.6,3,XXL,Women,2025-05-13T22:10:48.205177
Jacket 876,3225760,4.6,3,S,Unisex,2025-05-13T22:10:48.205361
Crewneck 877,4552640,4.6,3,M,Men,2025-05-13T22:10:48.205504
T-shirt 878,4809760,4.7,3,L,Women,2025-05-13T22:10:48.205644
Hoodie 879,1026880,3.1,3,XL,Unisex,2025-05-13T22:10:48.205783
Pants 880,6497760,4.3,3,XXL,Men,2025-05-13T22:10:48.205909
Jacket 882,6420960,3.3,3,M,Unisex,2025-05-13T22:10:50.702880
Crewneck 883,5901120,3.6,3,L,Men,2025-05-13T22:10:50.703250
T-shirt 884,7414720,4.3,3,XL,Women,2025-05-13T22:10:50.703400
Hoodie 885,4760640,3.4,3,XXL,Unisex,2025-05-13T22:10:50.703528
Outerwear 887,7806400,3.8,3,M,Women,2025-05-13T22:10:50.704475
Jacket 888,7869280,4.2,3,L,Unisex,2025-05-13T22:10:50.704735
Crewneck 889,6333920,4.6,3,XL,Men,2025-05-13T22:10:50.704910
T-shirt 890,6439040,4.7,3,XXL,Women,2025-05-13T22:10:50.705211
Pants 892,8515360,4.4,3,M,Men,2025-05-13T22:10:50.705640
Outerwear 893,2673600,3.2,3,L,Women,2025-05-13T22:10:50.705849
Jacket 894,2946560,4.8,3,XL,Unisex,2025-05-13T22:10:50.706093
Crewneck 895,1126720,4.3,3,XXL,Men,2025-05-13T22:10:50.706221
T-shirt 896,7873760,4.9,3,S,Women,2025-05-13T22:10:50.706359
Hoodie 897,6077920,3.1,3,M,Unisex,2025-05-13T22:10:50.706474
Pants 898,8408640,4.1,3,L,Men,2025-05-13T22:10:50.706589
Outerwear 899,6192960,4.8,3,XL,Women,2025-05-13T22:10:50.706702
Jacket 900,7214240,3.3,3,XXL,Unisex,2025-05-13T22:10:50.706816
T-shirt 902,3164000,3.6,3,M,Women,2025-05-13T22:10:53.397680
Hoodie 903,2617920,4.1,3,L,Unisex,2025-05-13T22:10:53.397915
Pants 904,3356320,3.9,3,XL,Men,2025-05-13T22:10:53.398084
Outerwear 905,5027840,4.9,3,XXL,Women,2025-05-13T22:10:53.398265
Jacket 906,4301760,3.9,3,S,Unisex,2025-05-13T22:10:53.398466
Crewneck 907,8732640,4.9,3,M,Men,2025-05-13T22:10:53.398678
T-shirt 908,7954880,4.2,3,L,Women,2025-05-13T22:10:53.398893
Hoodie 909,8383840,3.6,3,XL,Unisex,2025-05-13T22:10:53.399070
Pants 910,2395200,4.7,3,XXL,Men,2025-05-13T22:10:53.399244
Jacket 912,7853280,4.9,3,M,Unisex,2025-05-13T22:10:53.399747
Crewneck 913,3222240,3.5,3,L,Men,2025-05-13T22:10:53.399932
T-shirt 914,5799200,4.6,3,XL,Women,2025-05-13T22:10:53.400103
Hoodie 915,2649120,4.2,3,XXL,Unisex,2025-05-13T22:10:53.400274
Outerwear 917,6061600,4.0,3,M,Women,2025-05-13T22:10:53.400627
Jacket 918,5380800,3.3,3,L,Unisex,2025-05-13T22:10:53.400803
Crewneck 919,8364000,4.7,3,XL,Men,2025-05-13T22:10:53.400981
T-shirt 920,3706080,3.2,3,XXL,Women,2025-05-13T22:10:53.401177
Pants 922,1210880,4.4,3,M,Men,2025-05-13T22:10:56.101117
Outerwear 923,2435840,3.7,3,L,Women,2025-05-13T22:10:56.101417
Jacket 924,3764320,3.8,3,XL,Unisex,2025-05-13T22:10:56.101734
Crewneck 925,7900800,4.5,3,XXL,Men,2025-05-13T22:10:56.101961
T-shirt 926,1911040,4.6,3,S,Women,2025-05-13T22:10:56.102172
Hoodie 927,7706400,3.5,3,M,Unisex,2025-05-13T22:10:56.102469
Pants 928,3911680,3.4,3,L,Men,2025-05-13T22:10:56.102712
Outerwear 929,1253440,3.3,3,XL,Women,2025-05-13T22:10:56.103065
Jacket 930,1741120,4.9,3,XXL,Unisex,2025-05-13T22:10:56.103260
T-shirt 932,5937600,4.2,3,M,Women,2025-05-13T22:10:56.103910
Hoodie 933,4960800,3.4,3,L,Unisex,2025-05-13T22:10:56.104219
Pants 934,2248160,3.6,3,XL,Men,2025-05-13T22:10:56.104460
Outerwear 935,6048000,4.1,3,XXL,Women,2025-05-13T22:10:56.104594
Jacket 936,6165440,3.1,3,S,Unisex,2025-05-13T22:10:56.104722
Crewneck 937,2475360,4.1,3,M,Men,2025-05-13T22:10:56.104937
T-shirt 938,4058400,3.6,3,L,Women,2025-05-13T22:10:56.105078
Hoodie 939,4466080,4.8,3,XL,Unisex,2025-05-13T22:10:56.105206
Pants 940,5776000,3.7,3,XXL,Men,2025-05-13T22:10:56.105422
Jacket 942,7972960,3.0,3,M,Unisex,2025-05-13T22:10:58.792633
Crewneck 943,4571040,4.4,3,L,Men,2025-05-13T22:10:58.792891
T-shirt 944,1578240,4.6,3,XL,Women,2025-05-13T22:10:58.793038
Hoodie 945,2107680,4.2,3,XXL,Unisex,2025-05-13T22:10:58.793182
Outerwear 947,7079680,4.6,3,M,Women,2025-05-13T22:10:58.793581
Jacket 948,4600480,3.9,3,L,Unisex,2025-05-13T22:10:58.793782
Crewneck 949,1844320,4.4,3,XL,Men,2025-05-13T22:10:58.793924
T-shirt 950,7691680,4.9,3,XXL,Women,2025-05-13T22:10:58.794057
Pants 952,7155040,3.7,3,M,Men,2025-05-13T22:10:58.794511
Outerwear 953,8423200,3.8,3,L,Women,2025-05-13T22:10:58.794724
Jacket 954,3878720,4.1,3,XL,Unisex,2025-05-13T22:10:58.794900
Crewneck 955,7006560,4.7,3,XXL,Men,2025-05-13T22:10:58.795061
T-shirt 956,4457600,3.1,3,S,Women,2025-05-13T22:10:58.795233
Hoodie 957,4024320,4.4,3,M,Unisex,2025-05-13T22:10:58.795500
Pants 958,3946240,4.8,3,L,Men,2025-05-13T22:10:58.795704
Outerwear 959,6828480,4.6,3,XL,Women,2025-05-13T22:10:58.795885
Jacket 960,5840160,4.5,3,XXL,Unisex,2025-05-13T22:10:58.796043
T-shirt 962,2887840,4.1,3,M,Women,2025-05-13T22:11:01.395158
Hoodie 963,7916160,4.6,3,L,Unisex,2025-05-13T22:11:01.395328
Pants 964,3885280,3.3,3,XL,Men,2025-05-13T22:11:01.395460
Outerwear 965,3107200,4.5,3,XXL,Women,2025-05-13T22:11:01.395586
Jacket 966,8499520,4.9,3,S,Unisex,2025-05-13T22:11:01.395720
Crewneck 967,1744000,3.5,3,M,Men,2025-05-13T22:11:01.395891
T-shirt 968,4045120,4.4,3,L,Women,2025-05-13T22:11:01.396052
Hoodie 969,4231840,3.8,3,XL,Unisex,2025-05-13T22:11:01.396182
Pants 970,952960,4.6,3,XXL,Men,2025-05-13T22:11:01.396314
Jacket 972,7272000,4.4,3,M,Unisex,2025-05-13T22:11:01.396666
Crewneck 973,7134400,3.9,3,L,Men,2025-05-13T22:11:01.396806
T-shirt 974,4769280,3.0,3,XL,Women,2025-05-13T22:11:01.397016
Hoodie 975,4816000,3.6,3,XXL,Unisex,2025-05-13T22:11:01.397150
Outerwear 977,3356000,3.6,3,M,Women,2025-05-13T22:11:01.397565
Jacket 978,3918240,3.6,3,L,Unisex,2025-05-13T22:11:01.397710
Crewneck 979,4848480,3.4,3,XL,Men,2025-05-13T22:11:01.397901
T-shirt 980,6544000,3.1,3,XXL,Women,2025-05-13T22:11:01.398057
Pants 982,7281760,4.9,3,M,Men,2025-05-13T22:11:04.290474
Outerwear 983,5762560,3.2,3,L,Women,2025-05-13T22:11:04.290802
Jacket 984,7349440,3.8,3,XL,Unisex,2025-05-13T22:11:04.290965
Crewneck 985,6236000,4.3,3,XXL,Men,2025-05-13T22:11:04.291100
T-shirt 986,6713760,4.5,3,S,Women,2025-05-13T22:11:04.291229
Hoodie 987,4008000,4.7,3,M,Unisex,2025-05-13T22:11:04.291357
Pants 988,2054239,3.5,3,L,Men,2025-05-13T22:11:04.291483
Outerwear 989,6869440,4.2,3,XL,Women,2025-05-13T22:11:04.291612
Jacket 990,3327360,4.2,3,XXL,Unisex,2025-05-13T22:11:04.291740
T-shirt 992,4840480,4.9,3,M,Women,2025-05-13T22:11:04.292191
Hoodie 993,6361920,3.4,3,L,Unisex,2025-05-13T22:11:04.292434
Pants 994,1693760,4.4,3,XL,Men,2025-05-13T22:11:04.292658
Outerwear 995,8046720,3.2,3,XXL,Women,2025-05-13T22:11:04.292824
Jacket 996,6942400,4.3,3,S,Unisex,2025-05-13T22:11:04.292955
Crewneck 997,5321280,3.9,3,M,Men,2025-05-13T22:11:04.293085
T-shirt 998,908000,4.2,3,L,Women,2025-05-13T22:11:04.293215
Hoodie 999,8534240,4.8,3,XL,Unisex,2025-05-13T22:11:04.293346
Pants 1000,2938240,4.7,3,XXL,Men,2025-05-13T22:11:04.293477
